INSERT INTO dim_date VALUES
(20240101,'2024-01-01','Monday',1,1,'January','Q1',2024,false),
(20240102,'2024-01-02','Tuesday',2,1,'January','Q1',2024,false),
(20240103,'2024-01-03','Wednesday',3,1,'January','Q1',2024,false),
(20240104,'2024-01-04','Thursday',4,1,'January','Q1',2024,false),
(20240105,'2024-01-05','Friday',5,1,'January','Q1',2024,false),
(20240106,'2024-01-06','Saturday',6,1,'January','Q1',2024,true),
(20240107,'2024-01-07','Sunday',7,1,'January','Q1',2024,true),
(20240110,'2024-01-10','Wednesday',10,1,'January','Q1',2024,false),
(20240113,'2024-01-13','Saturday',13,1,'January','Q1',2024,true),
(20240114,'2024-01-14','Sunday',14,1,'January','Q1',2024,true),
(20240115,'2024-01-15','Monday',15,1,'January','Q1',2024,false),
(20240120,'2024-01-20','Saturday',20,1,'January','Q1',2024,true),
(20240121,'2024-01-21','Sunday',21,1,'January','Q1',2024,true),
(20240125,'2024-01-25','Thursday',25,1,'January','Q1',2024,false),
(20240131,'2024-01-31','Wednesday',31,1,'January','Q1',2024,false),

(20240201,'2024-02-01','Thursday',1,2,'February','Q1',2024,false),
(20240202,'2024-02-02','Friday',2,2,'February','Q1',2024,false),
(20240203,'2024-02-03','Saturday',3,2,'February','Q1',2024,true),
(20240204,'2024-02-04','Sunday',4,2,'February','Q1',2024,true),
(20240205,'2024-02-05','Monday',5,2,'February','Q1',2024,false),
(20240210,'2024-02-10','Saturday',10,2,'February','Q1',2024,true),
(20240211,'2024-02-11','Sunday',11,2,'February','Q1',2024,true),
(20240214,'2024-02-14','Wednesday',14,2,'February','Q1',2024,false),
(20240215,'2024-02-15','Thursday',15,2,'February','Q1',2024,false),
(20240218,'2024-02-18','Sunday',18,2,'February','Q1',2024,true),
(20240220,'2024-02-20','Tuesday',20,2,'February','Q1',2024,false),
(20240224,'2024-02-24','Saturday',24,2,'February','Q1',2024,true),
(20240225,'2024-02-25','Sunday',25,2,'February','Q1',2024,true),
(20240228,'2024-02-28','Wednesday',28,2,'February','Q1',2024,false);

INSERT INTO dim_product (product_id, product_name, category, subcategory, unit_price) VALUES
('P001','Laptop','Electronics','Computers',75000),
('P002','Smartphone','Electronics','Mobile',45000),
('P003','Headphones','Electronics','Accessories',2500),
('P004','LED TV','Electronics','Television',55000),
('P005','Mouse','Electronics','Accessories',800),
('P006','Office Chair','Furniture','Seating',12000),
('P007','Dining Table','Furniture','Tables',35000),
('P008','Sofa','Furniture','Living Room',65000),
('P009','Bookshelf','Furniture','Storage',9000),
('P010','Study Desk','Furniture','Tables',15000),
('P011','T-Shirt','Clothing','Men',799),
('P012','Jeans','Clothing','Men',1999),
('P013','Dress','Clothing','Women',2999),
('P014','Jacket','Clothing','Outerwear',4999),
('P015','Shoes','Clothing','Footwear',3999);

INSERT INTO dim_customer (customer_id, customer_name, city, state, customer_segment) VALUES
('C001','John Doe','Mumbai','Maharashtra','Retail'),
('C002','Anita Sharma','Delhi','Delhi','Corporate'),
('C003','Rahul Nair','Kochi','Kerala','Retail'),
('C004','Sneha Iyer','Chennai','Tamil Nadu','Corporate'),
('C005','Amit Verma','Mumbai','Maharashtra','Retail'),
('C006','Priya Singh','Delhi','Delhi','Retail'),
('C007','Kiran Kumar','Bangalore','Karnataka','Corporate'),
('C008','Neha Patel','Ahmedabad','Gujarat','Retail'),
('C009','Rohit Mehta','Mumbai','Maharashtra','Corporate'),
('C010','Suman Das','Kolkata','West Bengal','Retail'),
('C011','Vivek Rao','Bangalore','Karnataka','Retail'),
('C012','Pooja Menon','Kochi','Kerala','Corporate');

INSERT INTO fact_sales
(date_key, product_key, customer_key, quantity_sold, unit_price, discount_amount, total_amount)
VALUES
(20240106,1,1,2,75000,5000,145000),
(20240107,2,2,1,45000,0,45000),
(20240113,3,3,3,2500,0,7500),
(20240114,4,4,1,55000,3000,52000),
(20240120,5,5,5,800,0,4000),
(20240121,6,6,2,12000,1000,23000),
(20240125,7,7,1,35000,0,35000),
(20240131,8,8,1,65000,5000,60000),
(20240203,9,9,2,9000,0,18000),
(20240204,10,10,1,15000,0,15000),
(20240210,11,11,4,799,0,3196),
(20240211,12,12,2,1999,0,3998),
(20240214,13,1,1,2999,0,2999),
(20240215,14,2,1,4999,500,4499),
(20240218,15,3,2,3999,0,7998),
(20240101,1,4,1,75000,0,75000),
(20240102,2,5,2,45000,5000,85000),
(20240103,3,6,2,2500,0,5000),
(20240104,4,7,1,55000,0,55000),
(20240105,5,8,3,800,0,2400),
(20240110,6,9,1,12000,0,12000),
(20240115,7,10,1,35000,0,35000),
(20240120,8,11,1,65000,4000,61000),
(20240121,9,12,2,9000,0,18000),
(20240201,10,1,1,15000,0,15000),
(20240202,11,2,3,799,0,2397),
(20240203,12,3,1,1999,0,1999),
(20240204,13,4,2,2999,0,5998),
(20240205,14,5,1,4999,0,4999),
(20240210,15,6,2,3999,500,7498),
(20240211,1,7,1,75000,5000,70000),
(20240214,2,8,1,45000,0,45000),
(20240218,3,9,5,2500,0,12500),
(20240220,4,10,1,55000,3000,52000),
(20240224,5,11,4,800,0,3200),
(20240225,6,12,1,12000,0,12000);



